Source, Target, Link
1, 2, 1
2, 3, 1
2, 5, 1
2, 6, 1
3, 4, 1
5, 3, 1
6, 4, 1
6, 1, 1
7, 4, 1
7, 5, 1
8, 3, 1
8, 1, 1
9, 1, 1
9, 2, 1
10, 3, 1
10, 7, 1
11, 5, 1
12, 3, 1
13, 2, 1
14, 2, 1
15, 4, 1
15, 8, 1
16, 3, 1
16, 4, 1
17, 2, 1
18, 3, 1
18, 8, 1
19, 2, 1
20, 5, 1
20, 10, 1
21, 1, 1
21, 19, 1
23, 4, 1
25, 5, 1
28, 1, 1
28, 17, 1
29, 3, 1
30, 3, 1
31, 4, 1
31, 30, 1
35, 5, 1
36, 5, 1
36, 32, 1
38, 1, 1
38, 37, 1
39, 1, 1
40, 3, 1
41, 3, 1
42, 1, 1
43, 3, 1
44, 3, 1
46, 3, 1
47, 1, 1
48, 3, 1
49, 5, 1
50, 1, 1
51, 1, 1
52, 3, 1
53, 2, 1
54, 2, 1
55, 2, 1
56, 3, 1
57, 3, 1
58, 5, 1
59, 1, 1
60, 3, 1
61, 2, 1
62, 3, 1
63, 3, 1
64, 3, 1
65, 5, 1
66, 3, 1
67, 3, 1
68, 3, 1
69, 4, 1
70, 2, 1
71, 3, 1
72, 4, 1
73, 1, 1
74, 2, 1
75, 1, 1
76, 3, 1
77, 1, 1
78, 3, 1
79, 1, 1
80, 1, 1
81, 3, 1
82, 4, 1
83, 3, 1
84, 3, 1
85, 3, 1
86, 3, 1
87, 1, 1
88, 3, 1
89, 2, 1
90, 3, 1
91, 1, 1
92, 1, 1
93, 2, 1
94, 3, 1
95, 1, 1
96, 3, 1
97, 5, 1
98, 2, 1
99, 3, 1
100, 2, 1
102, 1, 1
103, 2, 1
104, 5, 1
105, 2, 1
106, 5, 1
106, 99, 1
107, 3, 1
108, 5, 1
109, 3, 1
110, 4, 1
111, 1, 1
112, 4, 1
113, 5, 1
114, 2, 1
115, 3, 1
116, 2, 1
117, 2, 1
118, 3, 1
119, 1, 1
120, 5, 1
121, 4, 1
122, 1, 1
123, 3, 1
124, 5, 1
125, 5, 1
126, 5, 1
127, 2, 1
128, 1, 1
129, 4, 1
130, 4, 1
131, 5, 1
132, 2, 1
133, 3, 1
134, 3, 1
135, 1, 1
136, 3, 1
137, 5, 1
138, 5, 1
139, 1, 1
140, 2, 1
141, 3, 1
142, 3, 1
143, 5, 1
144, 5, 1
145, 5, 1
146, 5, 1
147, 3, 1
148, 2, 1
149, 2, 1
150, 2, 1
151, 2, 1
152, 5, 1
153, 1, 1
154, 5, 1
155, 1, 1
156, 4, 1
157, 1, 1
158, 1, 1
159, 2, 1
160, 1, 1
161, 2, 1
162, 2, 1
163, 1, 1
164, 1, 1
165, 3, 1
166, 5, 1
167, 2, 1
168, 5, 1
169, 2, 1
170, 3, 1
171, 3, 1
172, 1, 1
173, 1, 1
174, 3, 1
175, 4, 1
176, 3, 1
177, 5, 1
178, 5, 1
179, 3, 1
180, 1, 1
181, 4, 1
182, 4, 1
183, 3, 1
184, 5, 1
185, 2, 1
186, 1, 1
187, 1, 1
188, 5, 1
189, 5, 1
190, 3, 1
191, 1, 1
192, 2, 1
193, 2, 1
194, 1, 1
195, 5, 1
196, 5, 1
197, 1, 1
198, 5, 1
199, 3, 1
200, 5, 1
201, 3, 1
202, 3, 1
203, 5, 1
204, 5, 1
205, 5, 1
206, 3, 1
207, 3, 1
208, 4, 1
209, 5, 1
210, 5, 1
211, 5, 1
212, 3, 1
213, 2, 1
214, 2, 1
215, 3, 1
216, 5, 1
217, 1, 1
218, 4, 1
219, 3, 1
220, 1, 1
221, 3, 1
222, 5, 1
223, 5, 1
224, 5, 1
225, 1, 1
226, 3, 1
227, 5, 1
228, 4, 1
229, 2, 1
230, 1, 1
231, 5, 1
232, 3, 1
233, 4, 1
234, 3, 1
235, 5, 1
236, 5, 1
237, 4, 1
238, 3, 1
239, 4, 1
240, 2, 1
241, 2, 1
242, 5, 1
243, 5, 1
244, 3, 1
245, 2, 1
246, 3, 1
247, 5, 1
248, 3, 1
249, 1, 1
250, 4, 1
251, 2, 1
252, 1, 1
253, 2, 1
254, 1, 1
255, 3, 1
256, 2, 1
257, 1, 1
258, 5, 1
259, 4, 1
260, 5, 1
261, 4, 1
262, 3, 1
263, 5, 1
264, 1, 1
265, 5, 1
266, 4, 1
267, 1, 1
268, 5, 1
269, 1, 1
270, 1, 1
271, 5, 1
272, 2, 1
273, 3, 1
274, 4, 1
275, 5, 1
276, 3, 1
277, 1, 1
278, 4, 1
279, 5, 1
280, 3, 1
281, 5, 1
282, 2, 1
283, 5, 1
284, 1, 1
285, 3, 1
286, 2, 1
287, 2, 1
288, 1, 1
289, 1, 1
290, 1, 1
291, 2, 1
292, 2, 1
293, 5, 1
294, 2, 1
295, 4, 1
296, 2, 1
297, 3, 1
298, 3, 1
299, 2, 1
300, 5, 1
301, 4, 1
302, 4, 1
303, 2, 1
304, 1, 1
305, 3, 1
306, 4, 1
307, 5, 1
308, 3, 1
309, 3, 1
310, 5, 1
311, 2, 1
312, 5, 1
313, 5, 1
314, 2, 1
315, 5, 1
316, 2, 1
317, 4, 1
318, 3, 1
319, 5, 1
320, 5, 1
321, 5, 1
322, 5, 1
323, 4, 1
324, 2, 1
325, 5, 1
326, 3, 1
327, 2, 1
328, 2, 1
329, 5, 1
330, 5, 1
331, 2, 1
332, 5, 1
333, 5, 1
334, 2, 1
335, 3, 1
336, 3, 1
337, 2, 1
338, 5, 1
339, 2, 1
340, 3, 1
341, 5, 1
342, 3, 1
343, 3, 1
344, 4, 1
345, 5, 1
346, 1, 1
347, 5, 1
348, 1, 1
349, 3, 1
350, 2, 1
351, 5, 1
352, 5, 1
353, 5, 1
354, 2, 1
355, 5, 1
356, 3, 1
357, 3, 1
358, 1, 1
359, 1, 1
360, 4, 1
361, 1, 1
362, 3, 1
363, 1, 1
364, 1, 1
365, 2, 1
366, 1, 1
367, 5, 1
368, 3, 1
369, 3, 1
370, 2, 1
371, 1, 1
372, 3, 1
373, 5, 1
374, 5, 1
375, 5, 1
376, 3, 1
377, 3, 1
378, 5, 1
379, 5, 1
380, 1, 1
381, 4, 1
382, 4, 1
383, 5, 1
384, 5, 1
385, 1, 1
386, 3, 1
387, 5, 1
388, 3, 1
389, 2, 1
390, 2, 1
391, 4, 1
392, 2, 1
393, 4, 1
394, 3, 1
395, 5, 1
396, 1, 1
397, 2, 1
398, 3, 1
399, 3, 1
400, 4, 1
401, 2, 1
402, 5, 1
403, 1, 1
404, 3, 1
405, 1, 1
406, 3, 1
407, 5, 1
408, 5, 1
409, 5, 1
410, 5, 1
411, 3, 1
412, 3, 1
413, 3, 1
414, 5, 1
415, 4, 1
416, 1, 1
417, 4, 1
418, 5, 1
419, 3, 1
420, 3, 1
421, 3, 1
422, 2, 1
423, 5, 1
424, 1, 1
425, 1, 1
426, 3, 1
427, 3, 1
428, 5, 1
429, 1, 1
430, 5, 1
431, 3, 1
432, 4, 1
433, 1, 1
434, 2, 1
435, 4, 1
436, 5, 1
437, 1, 1
438, 5, 1
439, 1, 1
440, 2, 1
441, 3, 1
442, 3, 1
443, 3, 1
444, 3, 1
445, 3, 1
446, 2, 1
447, 5, 1
448, 4, 1
449, 3, 1
450, 5, 1
451, 5, 1
452, 4, 1
453, 5, 1
454, 2, 1
455, 5, 1
456, 5, 1
457, 2, 1
458, 1, 1
459, 2, 1
460, 5, 1
461, 2, 1
462, 4, 1
463, 2, 1
464, 3, 1
465, 2, 1
466, 2, 1
467, 4, 1
468, 3, 1
469, 2, 1
470, 3, 1
471, 5, 1
472, 5, 1
473, 1, 1
474, 1, 1
475, 3, 1
476, 2, 1
477, 3, 1
478, 2, 1
479, 4, 1
480, 4, 1
481, 3, 1
482, 5, 1
483, 3, 1
484, 5, 1
485, 3, 1
486, 2, 1
487, 2, 1
488, 4, 1
489, 3, 1
490, 2, 1
491, 5, 1
492, 2, 1
493, 2, 1
494, 5, 1
495, 3, 1
496, 3, 1
497, 3, 1
498, 5, 1
499, 3, 1
500, 4, 1
501, 3, 1
502, 4, 1
503, 3, 1
504, 5, 1
505, 4, 1
506, 1, 1
507, 2, 1
508, 5, 1
509, 3, 1
510, 3, 1
511, 2, 1
512, 4, 1
513, 5, 1
514, 4, 1
515, 5, 1
516, 5, 1
517, 3, 1
518, 4, 1
519, 2, 1
520, 1, 1
521, 1, 1
522, 3, 1
523, 2, 1
524, 2, 1
525, 5, 1
526, 2, 1
527, 4, 1
528, 2, 1
529, 4, 1
530, 5, 1
531, 5, 1
532, 1, 1
533, 1, 1
534, 3, 1
535, 3, 1
536, 3, 1
537, 5, 1
538, 1, 1
539, 5, 1
540, 3, 1
541, 3, 1
542, 1, 1
543, 2, 1
544, 2, 1
545, 1, 1
546, 2, 1
547, 3, 1
548, 2, 1
549, 5, 1
550, 3, 1
551, 3, 1
552, 1, 1
553, 3, 1
554, 2, 1
555, 4, 1
556, 3, 1
557, 1, 1
558, 1, 1
559, 5, 1
560, 3, 1
561, 1, 1
562, 2, 1
563, 1, 1
564, 2, 1
565, 5, 1
566, 5, 1
567, 3, 1
568, 2, 1
569, 1, 1
570, 5, 1
571, 2, 1
572, 5, 1
573, 5, 1
574, 3, 1
575, 1, 1
576, 5, 1
577, 5, 1
578, 1, 1
579, 2, 1
580, 5, 1
581, 5, 1
582, 3, 1
583, 3, 1
584, 3, 1
585, 2, 1
586, 3, 1
587, 5, 1
588, 3, 1
589, 5, 1
590, 4, 1
591, 1, 1
592, 1, 1
593, 5, 1
594, 3, 1
595, 5, 1
596, 3, 1
597, 4, 1
598, 5, 1
599, 1, 1
600, 2, 1
601, 1, 1
602, 5, 1
603, 4, 1
604, 5, 1
605, 2, 1
606, 2, 1
607, 2, 1
608, 2, 1
609, 1, 1
610, 2, 1
611, 5, 1
612, 4, 1
613, 1, 1
614, 3, 1
615, 3, 1
616, 1, 1
617, 3, 1
618, 5, 1
619, 5, 1
620, 5, 1
621, 2, 1
622, 5, 1
623, 5, 1
624, 2, 1
625, 2, 1
626, 1, 1
627, 4, 1
628, 2, 1
629, 2, 1
630, 3, 1
631, 5, 1
632, 2, 1
633, 3, 1
634, 1, 1
635, 2, 1
636, 3, 1
637, 2, 1
638, 2, 1
639, 2, 1
640, 3, 1
641, 3, 1
642, 5, 1
643, 3, 1
644, 5, 1
645, 3, 1
646, 3, 1
647, 3, 1
648, 5, 1
649, 5, 1
650, 5, 1
651, 1, 1
652, 3, 1
653, 5, 1
654, 4, 1
655, 5, 1
656, 5, 1
657, 5, 1
658, 4, 1
659, 5, 1
660, 1, 1
661, 4, 1
662, 5, 1
663, 3, 1
664, 5, 1
665, 3, 1
666, 5, 1
667, 3, 1
668, 3, 1
669, 2, 1
670, 1, 1
671, 5, 1
672, 1, 1
673, 5, 1
674, 5, 1
675, 5, 1
676, 5, 1
677, 3, 1
678, 5, 1
679, 4, 1
680, 4, 1
681, 4, 1
682, 2, 1
683, 3, 1
684, 5, 1
685, 4, 1
686, 4, 1
687, 3, 1
688, 3, 1
689, 5, 1
690, 3, 1
691, 5, 1
692, 1, 1
693, 3, 1
694, 5, 1
695, 2, 1
696, 5, 1
697, 3, 1
698, 2, 1
699, 5, 1
700, 3, 1
701, 2, 1
702, 3, 1
703, 4, 1
704, 1, 1
705, 3, 1
706, 5, 1
707, 3, 1
708, 2, 1
709, 2, 1
710, 1, 1
711, 3, 1
712, 2, 1
713, 3, 1
714, 3, 1
715, 2, 1
716, 4, 1
717, 1, 1
718, 5, 1
719, 2, 1
720, 2, 1
721, 5, 1
722, 3, 1
723, 4, 1
724, 2, 1
725, 3, 1
726, 3, 1
727, 1, 1
728, 2, 1
729, 3, 1
730, 3, 1
731, 5, 1
732, 5, 1
733, 5, 1
734, 2, 1
735, 1, 1
736, 1, 1
737, 5, 1
738, 1, 1
739, 3, 1
740, 1, 1
741, 1, 1
742, 5, 1
743, 1, 1
744, 5, 1
745, 3, 1
746, 5, 1
747, 1, 1
748, 1, 1
749, 5, 1
750, 4, 1
751, 3, 1
752, 3, 1
753, 1, 1
754, 1, 1
755, 2, 1
756, 1, 1
757, 3, 1
758, 2, 1
759, 4, 1
760, 5, 1
761, 3, 1
762, 5, 1
763, 5, 1
764, 1, 1
765, 2, 1
766, 3, 1
767, 5, 1
768, 5, 1
769, 4, 1
770, 1, 1
771, 5, 1
772, 5, 1
773, 1, 1
774, 4, 1
775, 1, 1
776, 4, 1
777, 3, 1
778, 5, 1
779, 5, 1
780, 5, 1
781, 1, 1
782, 2, 1
783, 1, 1
784, 5, 1
785, 5, 1
786, 3, 1
787, 5, 1
788, 3, 1
789, 2, 1
790, 1, 1
791, 2, 1
792, 5, 1
793, 2, 1
794, 3, 1
795, 1, 1
796, 3, 1
797, 4, 1
798, 1, 1
799, 3, 1
800, 2, 1
801, 2, 1
802, 5, 1
803, 3, 1
804, 5, 1
805, 5, 1
806, 5, 1
807, 2, 1
808, 3, 1
809, 2, 1
810, 3, 1
811, 3, 1
812, 5, 1
813, 5, 1
814, 3, 1
815, 2, 1
816, 2, 1
817, 2, 1
818, 3, 1
819, 5, 1
820, 5, 1
821, 2, 1
822, 2, 1
823, 5, 1
824, 1, 1
825, 2, 1
826, 5, 1
827, 3, 1
828, 2, 1
829, 1, 1
830, 5, 1
831, 1, 1
832, 2, 1
833, 5, 1
834, 1, 1
835, 1, 1
836, 4, 1
837, 2, 1
838, 3, 1
839, 3, 1
840, 2, 1
841, 4, 1
842, 4, 1
843, 4, 1
844, 3, 1
845, 1, 1
846, 1, 1
847, 5, 1
848, 3, 1
849, 5, 1
850, 2, 1
851, 5, 1
852, 5, 1
853, 3, 1
854, 3, 1
855, 4, 1
856, 5, 1
857, 5, 1
858, 4, 1
859, 2, 1
860, 2, 1
861, 4, 1
862, 5, 1
863, 5, 1
864, 2, 1
865, 5, 1
866, 5, 1
867, 1, 1
868, 2, 1
869, 1, 1
870, 4, 1
871, 1, 1
872, 1, 1
873, 3, 1
874, 3, 1
875, 1, 1
876, 5, 1
877, 3, 1
878, 2, 1
879, 5, 1
880, 5, 1
881, 5, 1
882, 5, 1
883, 5, 1
884, 2, 1
885, 5, 1
886, 3, 1
887, 3, 1
888, 2, 1
889, 3, 1
890, 2, 1
891, 1, 1
892, 3, 1
893, 3, 1
894, 3, 1
895, 3, 1
896, 3, 1
897, 5, 1
898, 2, 1
899, 5, 1
900, 5, 1
901, 2, 1
902, 2, 1
903, 3, 1
904, 4, 1
905, 1, 1
906, 5, 1
907, 4, 1
908, 3, 1
909, 2, 1
910, 1, 1
911, 5, 1
912, 5, 1
913, 2, 1
914, 2, 1
915, 3, 1
916, 3, 1
917, 5, 1
918, 3, 1
919, 1, 1
920, 5, 1
921, 1, 1
922, 5, 1
923, 5, 1
924, 5, 1
925, 5, 1
926, 5, 1
927, 1, 1
928, 3, 1
929, 4, 1
930, 1, 1
931, 5, 1
932, 2, 1
933, 2, 1
934, 3, 1
935, 4, 1
936, 3, 1
937, 1, 1
938, 5, 1
939, 5, 1
940, 2, 1
941, 5, 1
942, 4, 1
943, 5, 1
944, 3, 1
945, 3, 1
946, 3, 1
947, 1, 1
948, 3, 1
949, 1, 1
950, 5, 1
951, 3, 1
952, 1, 1
953, 5, 1
954, 3, 1
955, 4, 1
956, 3, 1
957, 3, 1
958, 5, 1
959, 2, 1
960, 3, 1
961, 4, 1
962, 2, 1
963, 4, 1
964, 2, 1
965, 5, 1
966, 1, 1
967, 5, 1
968, 5, 1
969, 5, 1
970, 2, 1
971, 3, 1
972, 4, 1
973, 5, 1
974, 5, 1
975, 1, 1
976, 5, 1
977, 5, 1
978, 4, 1
979, 3, 1
980, 2, 1
981, 5, 1
982, 3, 1
983, 3, 1
984, 5, 1
985, 5, 1
986, 3, 1
987, 1, 1
988, 3, 1
989, 5, 1
990, 4, 1
991, 5, 1
992, 5, 1
993, 5, 1
994, 1, 1
995, 3, 1
996, 5, 1
997, 3, 1
998, 2, 1
999, 3, 1
1000, 3, 1
1001, 1, 1
